ID,Film title,File URL,Run time,Director,Cast,Thumbnail,Poster,Description,Genre,Featured batch,Feature id
1,Real Gone,,8:59,Seth Worley,"Darren Vandergriff
Cammie York
Paul Conrad
Josh Link
Matt Underwood",,,"After a brief glimpse into the great beyond, Elwood Holler can't give up on life. No matter how hard he tries.",Drama,1,1
2,U.F.O Yeah,,5:25,Ryan Connolly,Josh Connolly,,,"Ned Deedry, a conspiracy theorist and Extra-Terrestrial enthusiast, had always dreamed of making contact with other-worldly visitors. But, when that day finally arrived, things don’t play out the way he’d hoped.",Comedy,1,2
3,The Gunfighter,,8:49,Eric Kissack,"Scott Beehner 
Shawn Parsons 
Brace Harris 
Eileen O'Connell 
Jordan Black
Timothy Brennen
Travis Lincoln Cox 
Schoen Hodges
Circus-Szalewski
Chet Nelson
Keith Biondi",,,"In the tradition of classic westerns, a narrator sets up the story of a lone gunslinger who walks into a saloon. However, the people in this saloon can hear the narrator and the narrator may just be a little bit bloodthirsty.",Comedy,1,3
4,The Last 3 Minutes,,5:18,Po Chan,"Harwood Gordon
Eli Jane
Alex Weber ",,,The last 3 minutes of William Turner's life and his beloved crystal.,Drama,1,4
5,The Ticket,,10:48,Po Chan,"Mark Hapka
Hilary Anderson
Nick Hodaly ",,,"The Ticket is a magical, cinematic love story about getting that last chance.",Drama,1,5
6,Unheard,,1:30,Richard Woodburn,,,,"Amber has a decision to make that could hunt her for the rest of her life
",Drama,1,6